device_hash,ap_id,timestamp
DH1af8b5fdb55f,AP_HOSTEL_4,10/25/2025 16:33
DHcab194b1d83e,AP_ENG_5,10/25/2025 16:33
DH6dfd4fd4b9af,AP_ADMIN_1,10/25/2025 16:34
DH1e724b2fc02d,AP_HOSTEL_4,10/25/2025 16:34
DH8805862dd0bd,AP_LAB_4,10/25/2025 19:48
DH492ac0a7fb88,AP_ENG_5,10/25/2025 19:48
DH28b5918430ef,AP_ENG_2,10/25/2025 19:48
DH3569da906a82,AP_ADMIN_1,10/25/2025 19:48
DH51104316a3a2,AP_CAF_3,10/25/2025 19:49
DH77df31898b70,AP_LIB_1,10/25/2025 19:49
DHc9984f0945c6,AP_LAB_2,10/25/2025 19:49
DHf2fe4be13622,AP_ADMIN_1,10/25/2025 19:49
DHc2403a14c630,AP_LAB_4,10/25/2025 19:49
DH0432bb8dc70a,AP_LAB_2,10/25/2025 19:49
DH0d3fcd887868,AP_ENG_2,10/25/2025 19:49
DH7da9a4615ab2,AP_ENG_2,10/25/2025 19:49
DHe37a0bc884e3,AP_HOSTEL_4,10/25/2025 19:49
DHbfdb1ef91ff8,AP_AUD_3,10/25/2025 19:49
DH2e18015f1f4a,AP_ENG_2,10/25/2025 19:49
DHd9ec516caff1,AP_AUD_3,10/25/2025 19:49
DH9e810b674ebc,AP_CAF_3,10/25/2025 19:50
DH4205e84a62e4,AP_ADMIN_1,10/25/2025 19:50
DH065bac739d10,AP_AUD_3,10/25/2025 19:50
DHfffbdb11ef2a,AP_CAF_3,10/25/2025 19:50
DH333b2969c170,AP_CAF_3,10/25/2025 19:50
DHb37bf76745d4,AP_HOSTEL_4,10/25/2025 19:50
DH04254c673789,AP_CAF_3,10/25/2025 19:50
DH43bd5a4ec1ce,AP_LIB_1,10/25/2025 19:50
DH526c9c26d645,AP_CAF_3,10/25/2025 19:50
DHb5bd7adf374d,AP_ADMIN_1,10/25/2025 19:50
DH59a5b28c7b6c,AP_LAB_4,10/25/2025 19:50
DH5b458513181e,AP_ENG_5,10/25/2025 19:50
DH47d6588f4c05,AP_LAB_4,10/25/2025 19:51
DH2177eb3da419,AP_ENG_5,10/25/2025 19:51
DH4147498b2fce,AP_LAB_4,10/25/2025 19:51
DH86f89cedb0de,AP_LAB_4,10/25/2025 19:51
DHba1469baec30,AP_AUD_3,10/25/2025 19:51
DHa40ef0c08ca9,AP_LAB_4,10/25/2025 19:51
DH0a660c9838ac,AP_AUD_3,10/25/2025 19:51
DH028e6e95ad1e,AP_CAF_3,10/25/2025 19:51
DHfcb31523c282,AP_HOSTEL_4,10/25/2025 19:51
DH2d891704dfe5,AP_LIB_1,10/25/2025 19:51
DHe6b26af85afb,AP_LIB_1,10/25/2025 19:51
DHc001f59a965c,AP_LAB_2,10/25/2025 19:51
